"s_klassen_id";"s_klasse";"s_code";"s_name";"s_bem"
1;"Fundstellenart";"A";"Archäologisches Objekt";"None"
2;"Fundstellenart";"D";"Depotfund";"None"
3;"Fundstellenart";"E";"Einzelfund";"None"
4;"Fundstellenart";"G";"Grabfund";"None"
5;"Fundstellenart";"GS";"Grabfund, Siedlung / Produktion";"None"
6;"Fundstellenart";"I";"Infrastruktur";"None"
7;"Fundstellenart";"K";"Kult & Religion";"None"
8;"Fundstellenart";"S";"Siedlung / Produktion";"None"
9;"Fundstellenart";"SK";"Siedlung / Produktion, Kult & Religion";"None"
10;"Fundstellenart";"x";"Sonstiges";"None"
11;"Fundstellenart";"0";"Testdatensatz ohne arch. Relevanz";"None"
12;"Fundstellenart";"u";"unbekannt";"None"
13;"Fundstellenart";"0";"None";"None"
14;"Fundstellenart";"0";"None";"None"
15;"Fundstellenart";"0";"None";"None"
16;"Fundstellenart";"0";"None";"None"
17;"Fundstellenart";"0";"None";"None"
18;"Fundstellenart";"0";"None";"None"
19;"Fundstellenart";"0";"None";"None"
20;"Datierungsschlüssel_alt";"1";"undatiert";"None"
21;"Datierungsschlüssel_alt";"11";"Vorgeschichte";"None"
22;"Datierungsschlüssel_alt";"112";"Bronzezeit oder vorrömische Eisenzeit";"None"
23;"Datierungsschlüssel_alt";"1121";"Bronzezeit";"None"
24;"Datierungsschlüssel_alt";"1122";"Eisenzeit";"None"
25;"Datierungsschlüssel_alt";"11212";"Spätbronzezeit / UK";"None"
26;"Datierungsschlüssel_alt";"1123";"UK oder Hallstattzeit";"None"
27;"Datierungsschlüssel_alt";"11223";"Späthallstatt-Frühlatene";"None"
28;"Datierungsschlüssel_alt";"112221";"Ältere Latènezeit";"None"
29;"Datierungsschlüssel_alt";"112222";"Jüngere Latènezeit";"None"
30;"Datierungsschlüssel_alt";"11221";"Hallstattzeit";"None"
31;"Datierungsschlüssel_alt";"11222";"Latènezeit";"None"
32;"Datierungsschlüssel_alt";"112121";"Hallstatt-A";"None"
33;"Datierungsschlüssel_alt";"1121211";"Hallstatt-A1";"None"
34;"Datierungsschlüssel_alt";"1121212";"Hallstatt-A2";"None"
35;"Datierungsschlüssel_alt";"112122";"Hallstatt-B";"None"
36;"Datierungsschlüssel_alt";"11231";"Hallstatt-B/C";"None"
37;"Datierungsschlüssel_alt";"1121221";"Hallstatt-B1";"None"
38;"Datierungsschlüssel_alt";"1121222";"Hallstatt-B2/3";"None"
39;"Datierungsschlüssel_alt";"112211";"Hallstatt-C";"None"
40;"Datierungsschlüssel_alt";"112213";"Hallstatt-C/D1";"None"
41;"Datierungsschlüssel_alt";"1122111";"Hallstatt-C0";"None"
42;"Datierungsschlüssel_alt";"1122112";"Hallstatt-C1";"None"
43;"Datierungsschlüssel_alt";"1122113";"Hallstatt-C2";"None"
44;"Datierungsschlüssel_alt";"112212";"Hallstatt-D";"None"
45;"Datierungsschlüssel_alt";"1122121";"Hallstatt-D1";"None"
46;"Datierungsschlüssel_alt";"1122122";"Hallstatt-D2";"None"
47;"Datierungsschlüssel_alt";"1122123";"Hallstatt-D3";"None"
48;"Datierungsschlüssel_alt";"11222111";"Latene-A1";"None"
49;"Datierungsschlüssel_alt";"11222112";"Latene-A2";"None"
50;"Datierungsschlüssel_alt";"11222121";"Latene-B1";"None"
51;"Datierungsschlüssel_alt";"11222122";"Latene-B2";"None"
52;"Datierungsschlüssel_alt";"11222211";"Latene-C1";"None"
53;"Datierungsschlüssel_alt";"11222212";"Latene-C2";"None"
54;"Datierungsschlüssel_alt";"11222221";"Latene-D1";"None"
55;"Datierungsschlüssel_alt";"11222222";"Latene-D2";"None"
56;"Datierungsschlüssel_alt";"1122211";"Latene-A";"None"
57;"Datierungsschlüssel_alt";"1122212";"Latene-B";"None"
58;"Datierungsschlüssel_alt";"1122221";"Latene-C";"None"
59;"Datierungsschlüssel_alt";"1122222";"Latene-D";"None"
60;"Datierungsschlüssel_alt";"0";"None";"None"
61;"Datierungsschlüssel_alt";"0";"None";"None"
62;"Datierungsschlüssel_alt";"0";"None";"None"
63;"Datierungsschlüssel_alt";"0";"None";"None"
64;"Datierungsschlüssel_alt";"0";"None";"None"
65;"Datierungsschlüssel_alt";"0";"None";"None"
66;"Datierungsschlüssel_alt";"0";"None";"None"
67;"Datierungsschlüssel_alt";"0";"None";"None"
68;"Datierungsschlüssel_alt";"0";"None";"None"
69;"Datierungsschlüssel_alt";"0";"None";"None"
70;"Datierungsschlüssel_alt";"0";"None";"None"
71;"Datierungsschlüssel_alt";"0";"None";"None"
72;"Datierungsschlüssel_alt";"0";"None";"None"
73;"Datierungsschlüssel_alt";"0";"None";"None"
74;"Datierungsschlüssel_alt";"0";"None";"None"
75;"Datierungsschlüssel_alt";"0";"None";"None"
76;"Datierungsschlüssel_alt";"0";"None";"None"
77;"Datierungsschlüssel_alt";"0";"None";"None"
78;"Datierungsschlüssel_alt";"0";"None";"None"
79;"Datierungsschlüssel_alt";"0";"None";"None"
80;"Datierungsschlüssel_alt";"0";"None";"None"
81;"Datierungsschlüssel_alt";"0";"None";"None"
82;"Datierungsschlüssel_alt";"0";"None";"None"
83;"Datierungsschlüssel_alt";"0";"None";"None"
84;"Datierungsschlüssel_alt";"0";"None";"None"
85;"Datierungsschlüssel_alt";"0";"None";"None"
86;"Datierungsschlüssel_alt";"0";"None";"None"
87;"Datierungsschlüssel_alt";"0";"None";"None"
88;"Datierungsschlüssel_alt";"0";"None";"None"
89;"Datierungsschlüssel_alt";"0";"None";"None"
90;"Datierungsschlüssel_alt";"0";"None";"None"
91;"Datierungsschlüssel_alt";"0";"None";"None"
92;"Datierungsschlüssel_alt";"0";"None";"None"
93;"Datierungsschlüssel_alt";"0";"None";"None"
94;"Datierungsschlüssel_alt";"0";"None";"None"
95;"Datierungsschlüssel_alt";"0";"None";"None"
96;"Datierungsschlüssel_alt";"0";"None";"None"
97;"Datierungsschlüssel_alt";"0";"None";"None"
98;"Datierungsschlüssel_alt";"0";"None";"None"
99;"Datierungsschlüssel_alt";"0";"None";"None"
100;"Objekttypen";"E";"Einzelfund, Streufund usw.";"None"
101;"Objekttypen";"G";"Grab";"None"
102;"Objekttypen";"Gf";"Flachgräber";"None"
103;"Objekttypen";"Gh";"Hügelgrab";"None"
104;"Objekttypen";"S";"Siedlung";"None"
105;"Objekttypen";"Sb";"befestigte Siedlung";"None"
106;"Objekttypen";"Sbb";"Befestigung";"None"
107;"Objekttypen";"Sbg";"Gebäude in bef. Siedlung";"None"
108;"Objekttypen";"Sbx";"Sonst in bef. Siedl.";"None"
109;"Objekttypen";"Su";"unbefestigte Siedlung";"None"
110;"Objekttypen";"Sug";"Gebäude in unbef. Siedl.";"None"
111;"Objekttypen";"Sux";"Sonstiges in unbef. Siedl.";"None"
112;"Objekttypen";"X";"Sonstiges";"None"
113;"Objekttypen";"u";"unbekannt";"None"
115;"Objekttypen";"0";"None";"None"
116;"Objekttypen";"0";"None";"None"
117;"Objekttypen";"0";"None";"None"
118;"Objekttypen";"0";"None";"None"
119;"Objekttypen";"0";"None";"None"
120;"Objekttypen";"0";"None";"None"
121;"Objekttypen";"0";"None";"None"
122;"Objekttypen";"0";"None";"None"
123;"Objekttypen";"0";"None";"None"
124;"Objekttypen";"0";"None";"None"
125;"Objekttypen";"0";"None";"None"
126;"Objekttypen";"0";"None";"None"
127;"Objekttypen";"0";"None";"None"
128;"Objekttypen";"0";"None";"None"
129;"Objekttypen";"0";"None";"None"
130;"Objekttypen";"0";"None";"None"
131;"Objekttypen";"0";"None";"None"
132;"Objekttypen";"0";"None";"None"
133;"Objekttypen";"0";"None";"None"
134;"Objekttypen";"0";"None";"None"
135;"Objekttypen";"0";"None";"None"
136;"Objekttypen";"0";"None";"None"
137;"Objekttypen";"0";"None";"None"
138;"Objekttypen";"0";"None";"None"
139;"Objekttypen";"0";"None";"None"
140;"Objekttypen";"0";"None";"None"
141;"Objekttypen";"0";"None";"None"
142;"Objekttypen";"0";"None";"None"
143;"Objekttypen";"0";"None";"None"
144;"Objekttypen";"0";"None";"None"
145;"Objekttypen";"0";"None";"None"
146;"Objekttypen";"0";"None";"None"
147;"Objekttypen";"0";"None";"None"
148;"Objekttypen";"0";"None";"None"
149;"Objekttypen";"0";"None";"None"
150;"Komplextyp";"B";"Befestigung (Phase)";"None"
151;"Komplextyp";"E";"Einzelfunde, Streufunde (alle befundlos)";"None"
152;"Komplextyp";"G";"Grab";"None"
153;"Komplextyp";"Gb";"Brandgrab";"None"
154;"Komplextyp";"Gk";"Körpergrab";"None"
155;"Komplextyp";"S";"Siedlungsbefund";"None"
156;"Komplextyp";"Sg";"Siedlung: Grube";"None"
157;"Komplextyp";"Sh";"Siedlung: Gebäudebefund";"None"
158;"Komplextyp";"Sk";"Siedlung: Kulturschicht";"None"
159;"Komplextyp";"X";"Sonstiges";"None"
160;"Komplextyp";"u";"unbekannt";"None"
161;"Komplextyp";"0";"None";"None"
162;"Komplextyp";"0";"None";"None"
163;"Komplextyp";"0";"None";"None"
164;"Komplextyp";"0";"None";"None"
165;"Komplextyp";"0";"None";"None"
166;"Komplextyp";"0";"None";"None"
167;"Komplextyp";"0";"None";"None"
168;"Komplextyp";"0";"None";"None"
169;"Komplextyp";"0";"None";"None"
170;"Komplextyp";"0";"None";"None"
171;"Komplextyp";"0";"None";"None"
172;"Komplextyp";"0";"None";"None"
173;"Komplextyp";"0";"None";"None"
174;"Komplextyp";"0";"None";"None"
175;"Komplextyp";"0";"None";"None"
176;"Komplextyp";"0";"None";"None"
177;"Komplextyp";"0";"None";"None"
178;"Komplextyp";"0";"None";"None"
179;"Komplextyp";"0";"None";"None"
180;"Komplextyp";"0";"None";"None"
181;"Komplextyp";"0";"None";"None"
182;"Komplextyp";"0";"None";"None"
183;"Komplextyp";"0";"None";"None"
184;"Komplextyp";"0";"None";"None"
185;"Komplextyp";"0";"None";"None"
186;"Komplextyp";"0";"None";"None"
187;"Komplextyp";"0";"None";"None"
188;"Komplextyp";"0";"None";"None"
189;"Komplextyp";"0";"None";"None"
190;"Komplextyp";"0";"None";"None"
191;"Komplextyp";"0";"None";"None"
192;"Komplextyp";"0";"None";"None"
193;"Komplextyp";"0";"None";"None"
194;"Komplextyp";"0";"None";"None"
195;"Komplextyp";"0";"None";"None"
196;"Komplextyp";"0";"None";"None"
197;"Komplextyp";"0";"None";"None"
198;"Komplextyp";"0";"None";"None"
199;"Komplextyp";"0";"None";"None"
200;"Komplexqualität";"S";"sicher geschlossener Fund (dokumentiertes Grab)";"None"
201;"Komplexqualität";"w";"wahrscheinlicher geschlossener Fund (als zu einem Grab gehörend genannte Funde, Depot)";"None"
203;"Komplexqualität";"K";"kein geschlossener Fund (sonstiges)";"None"
205;"Komplexqualität";"0";"None";"None"
206;"Komplexqualität";"0";"None";"None"
207;"Komplexqualität";"0";"None";"None"
208;"Komplexqualität";"0";"None";"None"
209;"Komplexqualität";"0";"None";"None"
210;"Komplexqualität";"0";"None";"None"
211;"Komplexqualität";"0";"None";"None"
212;"Komplexqualität";"0";"None";"None"
213;"Komplexqualität";"0";"None";"None"
214;"Komplexqualität";"0";"None";"None"
215;"Komplexqualität";"0";"None";"None"
216;"Komplexqualität";"0";"None";"None"
217;"Komplexqualität";"0";"None";"None"
218;"Komplexqualität";"0";"None";"None"
219;"Komplexqualität";"0";"None";"None"
220;"Schichttyp";"dokumentierte Schicht";"dokumentierte Schicht mit Fundtrennung";"None"
221;"Schichttyp";"Schicht, schlechte Fundtrennung";"Schicht mit unsauberer Fundtrennung";"None"
222;"Schichttyp";"Schichtpaket";"Schichtpaket mit Fundtrennung (keine sichere Zuweisung zu einzelnen Schichten)";"None"
223;"Schichttyp";"keine Strat";"keine stratigraphische Einordnung";"None"
224;"Schichttyp";"unbekannt";"unbekannt";"None"
225;"Schichttyp";"0";"None";"None"
226;"Schichttyp";"0";"None";"None"
227;"Schichttyp";"0";"None";"None"
228;"Schichttyp";"0";"None";"None"
229;"Schichttyp";"0";"None";"None"
230;"Schichttyp";"0";"None";"None"
231;"Schichttyp";"0";"None";"None"
232;"Schichttyp";"0";"None";"None"
233;"Schichttyp";"0";"None";"None"
234;"Schichttyp";"0";"None";"None"
235;"Schichttyp";"0";"None";"None"
236;"Schichttyp";"0";"None";"None"
237;"Schichttyp";"0";"None";"None"
238;"Schichttyp";"0";"None";"None"
239;"Schichttyp";"0";"None";"None"
240;"Erhaltung";"weitgehend";"weitgehend erhalten";"None"
241;"Erhaltung";"teilweise";"teilweise erhalten";"None"
242;"Erhaltung";"möglicherweise";"möglicherweise teilweise erhalten";"None"
243;"Erhaltung";"zerstört";"zerstört";"None"
244;"Erhaltung";"unbekannt";"unbekannt";"None"
245;"Erhaltung";"0";"None";"None"
246;"Erhaltung";"0";"None";"None"
247;"Erhaltung";"0";"None";"None"
248;"Erhaltung";"0";"None";"None"
249;"Erhaltung";"0";"None";"None"
250;"Erhaltung";"0";"None";"None"
251;"Erhaltung";"0";"None";"None"
252;"Erhaltung";"0";"None";"None"
253;"Erhaltung";"0";"None";"None"
254;"Erhaltung";"0";"None";"None"
255;"Erhaltung";"0";"None";"None"
256;"Erhaltung";"0";"None";"None"
257;"Erhaltung";"0";"None";"None"
258;"Erhaltung";"0";"None";"None"
259;"Erhaltung";"0";"None";"None"
260;"Sichtbarkeit";"gelände gut erkennbar";"im Gelände deutlich erkennbar";"None"
261;"Sichtbarkeit";"gelände erkennbar";"im Gelände erkennbar";"None"
262;"Sichtbarkeit";"luft erkennbar";"im Luftbild erkennbar";"None"
263;"Sichtbarkeit";"nicht erkennbar";"nicht erkennbar";"None"
264;"Sichtbarkeit";"unbekannt";"unbekannt";"None"
265;"Sichtbarkeit";"0";"None";"None"
266;"Sichtbarkeit";"0";"None";"None"
267;"Sichtbarkeit";"0";"None";"None"
268;"Sichtbarkeit";"0";"None";"None"
269;"Sichtbarkeit";"0";"None";"None"
270;"Sichtbarkeit";"0";"None";"None"
271;"Sichtbarkeit";"0";"None";"None"
272;"Sichtbarkeit";"0";"None";"None"
273;"Sichtbarkeit";"0";"None";"None"
274;"Sichtbarkeit";"0";"None";"None"
275;"Sichtbarkeit";"0";"None";"None"
276;"Sichtbarkeit";"0";"None";"None"
277;"Sichtbarkeit";"0";"None";"None"
278;"Sichtbarkeit";"0";"None";"None"
279;"Sichtbarkeit";"0";"None";"None"
280;"Zugang";"nicht zugänglich";"gut zugänglich";"None"
281;"Zugang";"teilweise";"teilweise zugänglich";"None"
282;"Zugang";"erschwert";"erschwert zugänglich";"None"
283;"Zugang";"unzugänglich";"nicht zugänglich";"None"
284;"Zugang";"unbekannt";"unbekannt";"None"
285;"Zugang";"0";"None";"None"
286;"Zugang";"0";"None";"None"
287;"Zugang";"0";"None";"None"
288;"Zugang";"0";"None";"None"
289;"Zugang";"0";"None";"None"
290;"Zugang";"0";"None";"None"
291;"Zugang";"0";"None";"None"
292;"Zugang";"0";"None";"None"
293;"Zugang";"0";"None";"None"
294;"Zugang";"0";"None";"None"
295;"Zugang";"0";"None";"None"
296;"Zugang";"0";"None";"None"
297;"Zugang";"0";"None";"None"
298;"Zugang";"0";"None";"None"
299;"Zugang";"0";"None";"None"
202;"Komplexqualität";"m";"möglicher geschlossener Fund (nicht dokumentiertes Grab oder Altfunde, Siedlungsbefunde kurzer Laufzeit ohne Störung)wird bei der Datierung nicht berücksichtigt";"None"
380;"Huegelform";"Rundhuegel";"Rundhuegel";"None"
382;"Huegelform";"Langhuegel";"Langhuegel";"None"
316;"Aufindungsursache";"0";"None";"None"
114;"Objekttypen";"u";"unbekannt";"None"
400;"Grabkonstruktion";"Kammergrab";"Kammergrab";"None"
401;"Grabkonstruktion";"Grabgrube";"Grabgrube";"None"
402;"Grabkonstruktion";"Siedlungsgrube";"Siedlungsgrube";"None"
403;"Grabkonstruktion";"Bauopfer";"Bauopfer";"None"
404;"Grabkonstruktion";"Oberflächenniederlegung";"Oberflächenniederlegung";"None"
405;"Grabkonstruktion";"Sonstiges";"Sonstiges";"None"
406;"Grabkonstruktion";"unbekannt";"unbekannt";"None"
975;"Merkmal";"0";"None";"None"
407;"Grabkonstruktion";"0";"None";"None"
408;"Grabkonstruktion";"0";"None";"None"
409;"Grabkonstruktion";"0";"None";"None"
410;"Grabkonstruktion";"0";"None";"None"
411;"Grabkonstruktion";"0";"None";"None"
412;"Grabkonstruktion";"0";"None";"None"
413;"Grabkonstruktion";"0";"None";"None"
414;"Grabkonstruktion";"0";"None";"None"
415;"Grabkonstruktion";"0";"None";"None"
416;"Grabkonstruktion";"0";"None";"None"
417;"Grabkonstruktion";"0";"None";"None"
418;"Grabkonstruktion";"0";"None";"None"
419;"Grabkonstruktion";"0";"None";"None"
340;"Lokalisationsqualitaet";"exakt";"exakt";"None"
360;"Dokumentationsqualitaet";"sehr gut";"sehr gut";"aktueller Standard)"
361;"Dokumentationsqualitaet";"gut";"gut";"normale Grabungsdokumentation oder andere hinreichende Angaben"
363;"Dokumentationsqualitaet";"schlecht";"schlecht";"unzureichende Angaben"
362;"Dokumentationsqualitaet";"ausreichend";"ausreichend";"nutzbare Angaben"
364;"Dokumentationsqualitaet";"sehr schlecht";"sehr schlecht";"keine Angaben: arch. Objekt"
366;"Dokumentationsqualitaet";"0";"None";"None"
365;"Dokumentationsqualitaet";"unbekannt";"unbekannt";"None"
367;"Dokumentationsqualitaet";"0";"None";"None"
369;"Dokumentationsqualitaet";"0";"None";"None"
371;"Dokumentationsqualitaet";"0";"None";"None"
373;"Dokumentationsqualitaet";"0";"None";"None"
372;"Dokumentationsqualitaet";"0";"None";"None"
370;"Dokumentationsqualitaet";"0";"None";"None"
368;"Dokumentationsqualitaet";"0";"None";"None"
374;"Dokumentationsqualitaet";"0";"None";"None"
376;"Dokumentationsqualitaet";"0";"None";"None"
375;"Dokumentationsqualitaet";"0";"None";"None"
377;"Dokumentationsqualitaet";"0";"None";"None"
379;"Dokumentationsqualitaet";"0";"None";"None"
378;"Dokumentationsqualitaet";"0";"None";"None"
300;"Auffindungsursache";"o";"Oberlächenfunde";"None"
301;"Auffindungsursache";"ob";"Oberlächenfunde: landwirtschaftliche Bewirtschaftung";"None"
303;"Auffindungsursache";"op";"Oberlächenfunde: Prospektion";"None"
305;"Auffindungsursache";"og";"Oberlächenfunde: Geophys";"None"
470;"Ausrichtung";"unbekannt";"-1";"None"
471;"Ausrichtung";"N";"0";"None"
472;"Ausrichtung";"NNO";"22,5";"None"
473;"Ausrichtung";"NO";"45";"None"
474;"Ausrichtung";"NON";"67,5";"None"
475;"Ausrichtung";"O";"90";"None"
476;"Ausrichtung";"OSO";"112,5";"None"
477;"Ausrichtung";"SO";"135";"None"
478;"Ausrichtung";"SSO";"157,5";"None"
479;"Ausrichtung";"S";"180";"None"
480;"Ausrichtung";"SSW";"202,5";"None"
481;"Ausrichtung";"SW";"225";"None"
482;"Ausrichtung";"WSW";"247,5";"None"
483;"Ausrichtung";"W";"270";"None"
484;"Ausrichtung";"WNW";"292,5";"None"
485;"Ausrichtung";"NW";"315";"None"
486;"Ausrichtung";"NNW";"337,5";"None"
491;"Lage im Hügel";"0";"None";"None"
302;"Auffindungsursache";"oz";"Oberlächenfunde: Zufallsfund";"None"
304;"Auffindungsursache";"ol";"Oberlächenfunde: Luftbild";"None"
306;"Auffindungsursache";"A";"Aufschluss";"None"
308;"Auffindungsursache";"al";"Aufschluss: lineares Projekt";"None"
307;"Auffindungsursache";"ab";"Aufschluss: Baumaßnahmen";"None"
309;"Auffindungsursache";"ae";"Aufschluss: Erosion";"None"
500;"Phase";"primär";"Primärbestattung";"None"
501;"Phase";"nach";"Nachbestattung";"None"
502;"Phase";"unbekannt";"unbekannt";"None"
503;"Phase";"0";"None";"None"
504;"Phase";"0";"None";"None"
505;"Phase";"0";"None";"None"
506;"Phase";"0";"None";"None"
507;"Phase";"0";"None";"None"
508;"Phase";"0";"None";"None"
509;"Phase";"0";"None";"None"
510;"Geschlecht";"männlich";"männlich";"None"
511;"Geschlecht";"männlich?";"männlich?";"None"
512;"Geschlecht";"weiblich";"weiblich";"None"
513;"Geschlecht";"weiblich?";"weiblich?";"None"
514;"Geschlecht";"unbest";"unbestimmt";"None"
515;"Geschlecht";"0";"None";"None"
516;"Geschlecht";"0";"None";"None"
517;"Geschlecht";"0";"None";"None"
518;"Geschlecht";"0";"None";"None"
519;"Geschlecht";"0";"None";"None"
520;"Alter";"Kind/Infans (1-13)";"Kind/Infans (1-13)";"None"
521;"Alter";"Kind/InfansI (1-6)";"Kind/InfansI (1-6)";"None"
522;"Alter";"Kind/InfansII (7-13)";"Kind/InfansII (7-13)";"None"
523;"Alter";"Jugentlich/Juvenil (14-20)";"Jugentlich/Juvenil (14-20)";"None"
524;"Alter";"Erwachsen (>20)";"Erwachsen (>20)";"None"
525;"Alter";"Adult (2140)";"Adult (21-40)";"None"
526;"Alter";"Frühadult (21-30)";"Frühadult (21-30)";"None"
527;"Alter";"Spätadult (31-40)";"Spätadult (31-40)";"None"
528;"Alter";"Matur (41-60)";"Matur (41-60)";"None"
529;"Alter";"Frühmatur (41-50)";"Frühmatur (41-50)";"None"
530;"Alter";"Spätmatur (51-60)";"Spätmatur (51-60)";"None"
531;"Alter";"Senil (>60)";"Senil (>60)";"None"
532;"Alter";"ungeboren (0)";"ungeboren (0)";"None"
533;"Alter";"Neonatus (0-1)";"Neonatus (0-1)";"None"
534;"Alter";"unbekannt";"unbekannt";"None"
535;"Alter";"0";"None";"None"
536;"Alter";"0";"None";"None"
537;"Alter";"0";"None";"None"
538;"Alter";"0";"None";"None"
539;"Alter";"0";"None";"None"
540;"Alter";"0";"None";"None"
541;"Alter";"0";"None";"None"
542;"Alter";"0";"None";"None"
543;"Alter";"0";"None";"None"
544;"Alter";"0";"None";"None"
545;"Alter";"0";"None";"None"
546;"Alter";"0";"None";"None"
547;"Alter";"0";"None";"None"
548;"Alter";"0";"None";"None"
549;"Alter";"0";"None";"None"
550;"Ritus";"k";"Körpergrab";"None"
551;"Ritus";"kr";"Körpergrab, gestreckteRückenlage";"None"
552;"Ritus";"khl";"Körpergrab, Hockergrab";"None"
553;"Ritus";"khl";"Körpergrab, Hockergrab,links";"None"
554;"Ritus";"hkhr";"Körpergrab, Hockergrab,rechts";"None"
555;"Ritus";"b";"Brandgrab";"None"
556;"Ritus";"bu";"Brandgrab, Urne";"None"
557;"Ritus";"bb";"Brandgrab, Brandschüttungsgrab";"None"
558;"Ritus";"bs";"Brandgrab, Scheiterhaufen";"None"
559;"Ritus";"S";"Sonstiges";"None"
560;"Ritus";"u";"unbekannt";"None"
561;"Ritus";"0";"None";"None"
562;"Ritus";"0";"None";"None"
563;"Ritus";"0";"None";"None"
564;"Ritus";"0";"None";"None"
565;"Ritus";"0";"None";"None"
566;"Ritus";"0";"None";"None"
567;"Ritus";"0";"None";"None"
568;"Ritus";"0";"None";"None"
569;"Ritus";"0";"None";"None"
570;"Ritus";"0";"None";"None"
571;"Ritus";"0";"None";"None"
572;"Ritus";"0";"None";"None"
573;"Ritus";"0";"None";"None"
574;"Ritus";"0";"None";"None"
575;"Ritus";"0";"None";"None"
576;"Ritus";"0";"None";"None"
577;"Ritus";"0";"None";"None"
578;"Ritus";"0";"None";"None"
579;"Ritus";"0";"None";"None"
580;"Datierungskorrektur";"auto";"automatische Datierungskorrektur (Funktion)";"None"
581;"Datierungskorrektur";"manuell";"manuelle Datierungskorrektur (Formular)";"None"
582;"Datierungskorrektur";"keine";"keine Datierungskorrektur (nicht geschl. Funde)";"None"
583;"Datierungskorrektur";"0";"None";"None"
584;"Datierungskorrektur";"0";"None";"None"
585;"Datierungskorrektur";"0";"None";"None"
586;"Datierungskorrektur";"0";"None";"None"
587;"Datierungskorrektur";"0";"None";"None"
588;"Datierungskorrektur";"0";"None";"None"
589;"Datierungskorrektur";"None";"None";"None"
590;"Export";"v_loc06_alle";"v_loc06_alle";"None"
591;"Export";"v_loc06_aktuell";"v_loc06_aktuell";"None"
592;"Export";"v_loc07_alle";"v_loc07_alle";"None"
593;"Export";"v_loc07_aktuell";"v_loc07_aktuell";"None"
594;"Export";"v_loc08_alle";"v_loc08_alle";"None"
595;"Export";"v_loc08_aktuell";"v_loc08_aktuell";"None"
596;"Export";"v_loc09_alle";"v_loc09_alle";"None"
597;"Export";"v_loc09_aktuell";"v_loc09_aktuell";"None"
598;"Export";"v_loc10_alle";"v_loc10_alle";"None"
599;"Export";"v_loc10_aktuell";"v_loc10_aktuell";"None"
600;"Export";"v_loc06_aktuell_exp";"v_loc06_aktuell_exp";"None"
601;"Export";"v_loc07_aktuell_exp";"v_loc07_aktuell_exp";"None"
602;"Export";"v_loc08_alle_exp";"v_loc08_alle_exp";"None"
603;"Export";"v_loc08_aktuell_exp";"v_loc08_aktuell_exp";"None"
604;"Export";"v_loc09_alle_exp";"v_loc09_alle_exp";"None"
605;"Export";"v_loc09_aktuell_exp";"v_loc09_aktuell_exp";"None"
606;"Export";"v_fs_info_aktuell";"v_fs_info_aktuell";"None"
607;"Export";"v_denkmal_aktuell_exp";"v_denkmal_aktuell_exp";"None"
608;"Export";"v_naturraum_aktuell";"v_naturraum_aktuell";"None"
609;"Export";"v_siedl_einheit_alle";"v_siedl_einheit_alle";"None"
610;"Export";"v_siedl_einheit_aktuell";"v_siedl_einheit_aktuell";"None"
611;"Export";"v_huegel_alle";"v_huegel_alle";"None"
612;"Export";"v_huegel_aktuell";"v_huegel_aktuell";"None"
613;"Export";"v_siedl_element_alle";"v_siedl_element_alle";"None"
614;"Export";"v_siedl_element_aktuell";"v_siedl_element_aktuell";"None"
615;"Export";"v_grab_aktuell";"v_grab_aktuell";"None"
616;"Export";"v_thes_d";"v_thes_d";"None"
617;"Export";"v_shkr.thes_s";"v_shkr.thes_s";"None"
618;"Export";"v_typ_gruppe";"v_typ_gruppe";"None"
619;"Export";"v_zutun";"v_zutun";"None"
620;"Export";"v_merkmale";"v_merkmale";"None"
621;"Export";"v_fundstellenzahl";"v_fundstellenzahl";"None"
622;"Export";"v_fundstellenjekreis";"v_fundstellenjekreis";"None"
623;"Export";"v_objektezahl";"v_objektezahl";"None"
624;"Export";"v_objektejekreis";"v_objektejekreis";"None"
625;"Export";"v_komplexezahl";"v_komplexezahl";"None"
626;"Export";"v_schichtenzahl";"v_schichtenzahl";"None"
627;"Export";"v_schichtenjekreis";"v_schichtenjekreis";"None"
628;"Export";"v_fundzahl";"v_fundzahl";"None"
629;"Export";"v_fundejekreis";"v_fundejekreis";"None"
630;"Export";"v_fundejetyp";"v_fundejetyp";"None"
631;"Export";"v_funde_tg";"v_funde_tg";"None"
632;"Export";"0";"None";"None"
633;"Export";"0";"None";"None"
634;"Export";"0";"None";"None"
635;"Export";"0";"None";"None"
636;"Export";"0";"None";"None"
637;"Export";"0";"None";"None"
638;"Export";"0";"None";"None"
639;"Export";"0";"None";"None"
640;"Export";"0";"None";"None"
641;"Export";"0";"None";"None"
642;"Export";"0";"None";"None"
643;"Export";"0";"None";"None"
644;"Export";"0";"None";"None"
645;"Export";"0";"None";"None"
646;"Export";"0";"None";"None"
647;"Export";"0";"None";"None"
648;"Export";"0";"None";"None"
649;"Export";"0";"None";"None"
650;"Export";"0";"None";"None"
651;"Export";"0";"None";"None"
652;"Export";"0";"None";"None"
653;"Export";"0";"None";"None"
654;"Export";"0";"None";"None"
655;"Export";"0";"None";"None"
656;"Export";"0";"None";"None"
657;"Export";"0";"None";"None"
658;"Export";"0";"None";"None"
659;"Export";"0";"None";"None"
660;"Export";"0";"None";"None"
661;"Export";"0";"None";"None"
662;"Export";"0";"None";"None"
663;"Export";"0";"None";"None"
664;"Export";"0";"None";"None"
665;"Export";"0";"None";"None"
666;"Export";"0";"None";"None"
667;"Export";"0";"None";"None"
668;"Export";"0";"None";"None"
669;"Export";"0";"None";"None"
670;"Export";"0";"None";"None"
671;"Export";"0";"None";"None"
672;"Export";"0";"None";"None"
673;"Export";"0";"None";"None"
674;"Export";"0";"None";"None"
675;"Export";"0";"None";"None"
676;"Export";"0";"None";"None"
677;"Export";"0";"None";"None"
678;"Export";"0";"None";"None"
679;"Export";"0";"None";"None"
680;"Export";"0";"None";"None"
681;"Export";"0";"None";"None"
682;"Export";"0";"None";"None"
683;"Export";"0";"None";"None"
684;"Export";"0";"None";"None"
685;"Export";"0";"None";"None"
686;"Export";"0";"None";"None"
687;"Export";"0";"None";"None"
688;"Export";"0";"None";"None"
689;"Export";"0";"None";"None"
690;"Export";"0";"None";"None"
691;"Export";"0";"None";"None"
692;"Export";"0";"None";"None"
693;"Export";"0";"None";"None"
694;"Export";"0";"None";"None"
695;"Export";"0";"None";"None"
696;"Export";"0";"None";"None"
697;"Export";"0";"None";"None"
698;"Export";"0";"None";"None"
699;"Export";"0";"None";"None"
700;"FilteroperationenB";"0";"B auf wahr";"None"
701;"FilteroperationenB";"0";"B auf falsch";"None"
702;"FilteroperationenB";"0";"B zutreffende Feldwerte als wahr hinzufügen";"None"
703;"FilteroperationenB";"0";"B = A (A nach B einlesen)";"None"
704;"FilteroperationenB";"0";"B = A einer anderen Tabelle wenn mindestens ein true in dieser vorliegt";"None"
705;"FilteroperationenB";"0";"B = A einer anderen Tabelle wenn alle true";"None"
706;"FilteroperationenB";"0";"None";"None"
707;"FilteroperationenB";"0";"None";"None"
708;"FilteroperationenB";"0";"None";"None"
709;"FilteroperationenB";"0";"None";"None"
710;"FilteroperationenB";"0";"None";"None"
711;"FilteroperationenB";"0";"None";"None"
712;"FilteroperationenB";"0";"None";"None"
713;"FilteroperationenB";"0";"None";"None"
714;"FilteroperationenB";"0";"None";"None"
715;"FilteroperationenB";"0";"None";"None"
716;"FilteroperationenB";"0";"None";"None"
717;"FilteroperationenB";"0";"None";"None"
718;"FilteroperationenB";"0";"None";"None"
719;"FilteroperationenB";"0";"None";"None"
720;"FilteroperationenB";"0";"None";"None"
721;"FilteroperationenB";"0";"None";"None"
722;"FilteroperationenB";"0";"None";"None"
723;"FilteroperationenB";"0";"None";"None"
724;"FilteroperationenB";"0";"None";"None"
725;"FilteroperationenB";"0";"None";"None"
726;"FilteroperationenB";"0";"None";"None"
727;"FilteroperationenB";"0";"None";"None"
728;"FilteroperationenB";"0";"None";"None"
729;"FilteroperationenB";"0";"None";"None"
730;"FilteroperationenA";"0";"A = B (B nach A übernehmen)";"None"
731;"FilteroperationenA";"0";"A = A and B (Schnittmenge)";"None"
732;"FilteroperationenA";"0";"A = A or B (Vereinigungsmenge)";"None"
733;"FilteroperationenA";"0";"A = A - B (A ohne B)";"None"
734;"FilteroperationenA";"0";"A = B - A (B ohne A)";"None"
735;"FilteroperationenA";"0";"A = not B (Invertierung von B)";"None"
736;"FilteroperationenA";"0";"A = not A (Invertierung von A)";"None"
737;"FilteroperationenA";"0";"None";"None"
738;"FilteroperationenA";"0";"None";"None"
739;"FilteroperationenA";"0";"None";"None"
740;"FilteroperationenA";"0";"None";"None"
741;"FilteroperationenA";"0";"None";"None"
742;"FilteroperationenA";"0";"None";"None"
743;"FilteroperationenA";"0";"None";"None"
744;"FilteroperationenA";"0";"None";"None"
745;"FilteroperationenA";"0";"None";"None"
746;"FilteroperationenA";"0";"None";"None"
747;"FilteroperationenA";"0";"None";"None"
748;"FilteroperationenA";"0";"None";"None"
749;"FilteroperationenA";"0";"None";"None"
750;"FilteroperationenA";"0";"None";"None"
751;"FilteroperationenA";"0";"None";"None"
752;"FilteroperationenA";"0";"None";"None"
753;"FilteroperationenA";"0";"None";"None"
754;"FilteroperationenA";"0";"None";"None"
755;"FilteroperationenA";"0";"None";"None"
756;"FilteroperationenA";"0";"None";"None"
757;"FilteroperationenA";"0";"None";"None"
758;"FilteroperationenA";"0";"None";"None"
759;"FilteroperationenA";"0";"None";"None"
760;"Stand der Arbeiten";"0keine";"keine Daten erfasst";"None"
761;"Stand der Arbeiten";"1ppb";"Papierkatalog begonnen";"None"
762;"Stand der Arbeiten";"2ppa";"Papierkatalog abgeschlossen";"None"
763;"Stand der Arbeiten";"3ddb";"digitale Datenerfassung begonnen";"None"
764;"Stand der Arbeiten";"4dda";"digitale Datenerfassung abgeschlossen";"None"
765;"Stand der Arbeiten";"5dob";"Datenoptimierung begonnen";"None"
766;"Stand der Arbeiten";"6doa";"Datenoptimierung abgeschlossen";"None"
767;"Stand der Arbeiten";"7eb";"Ergänzung begonnen";"None"
768;"Stand der Arbeiten";"8ea";"Ergänzung abgeschlossen";"None"
769;"Stand der Arbeiten";"0";"None";"None"
770;"Stand der Arbeiten";"0";"None";"None"
771;"Stand der Arbeiten";"0";"None";"None"
772;"Stand der Arbeiten";"0";"None";"None"
773;"Stand der Arbeiten";"0";"None";"None"
774;"Stand der Arbeiten";"0";"None";"None"
775;"Stand der Arbeiten";"0";"None";"None"
776;"Stand der Arbeiten";"0";"None";"None"
777;"Stand der Arbeiten";"0";"None";"None"
778;"Stand der Arbeiten";"0";"None";"None"
779;"Stand der Arbeiten";"0";"None";"None"
780;"Funktionen";"SELECT * FROM shkr.loc_0105_red";"loc_0105_red";"None"
781;"Funktionen";"SELECT * FROM shkr.v_loc06_alle";"v_loc06_alle";"None"
782;"Funktionen";"SELECT * FROM shkr.v_loc06_aktuell";"v_loc06_aktuell";"None"
783;"Funktionen";"SELECT * FROM shkr.v_loc07_alle";"v_loc07_alle";"None"
784;"Funktionen";"SELECT * FROM shkr.v_loc07_aktuell";"v_loc07_aktuell";"None"
785;"Funktionen";"SELECT * FROM shkr.v_loc08_alle";"v_loc08_alle";"None"
786;"Funktionen";"SELECT * FROM shkr.v_loc08_aktuell";"v_loc08_aktuell";"None"
787;"Funktionen";"SELECT * FROM shkr.v_loc09_alle";"v_loc09_alle";"None"
788;"Funktionen";"SELECT * FROM shkr.v_loc09_aktuell";"v_loc09_aktuell";"None"
789;"Funktionen";"SELECT * FROM shkr.v_loc10_alle";"v_loc10_alle";"None"
790;"Funktionen";"SELECT * FROM shkr.v_loc10_aktuell";"v_loc10_aktuell";"None"
791;"Funktionen";"SELECT * FROM shkr.v_thes_fundstellenart";"v_thes_fundstellenart";"None"
792;"Funktionen";"SELECT * FROM shkr.v_thes_dats_alt";"v_thes_dats_alt";"None"
793;"Funktionen";"SELECT * FROM shkr.v_thes_objekttyp";"v_thes_objekttyp";"None"
794;"Funktionen";"SELECT * FROM shkr.v_thes_komplextyp";"v_thes_komplextyp";"None"
795;"Funktionen";"SELECT * FROM shkr.v_thes_komplexqualitaet";"v_thes_komplexqualitaet";"None"
796;"Funktionen";"SELECT * FROM shkr.v_shkr.thes_schichttyp";"v_shkr.thes_schichttyp";"None"
797;"Funktionen";"SELECT * FROM shkr.v_thes_erhaltung";"v_thes_erhaltung";"None"
798;"Funktionen";"SELECT * FROM shkr.v_shkr.thes_sichtbarkeit";"v_shkr.thes_sichtbarkeit";"None"
799;"Funktionen";"SELECT * FROM shkr.v_thes_zugang";"v_thes_zugang";"None"
800;"Funktionen";"SELECT * FROM shkr.v_thes_findursache";"v_thes_findursache";"None"
801;"Funktionen";"SELECT * FROM shkr.v_thes_lokalisationsqualitaet";"v_thes_lokalisationsqualitaet";"None"
802;"Funktionen";"SELECT * FROM shkr.v_thes_dokqualitaet";"v_thes_dokqualitaet";"None"
803;"Funktionen";"SELECT * FROM shkr.v_thes_huegelform";"v_thes_huegelform";"None"
804;"Funktionen";"SELECT * FROM shkr.v_thes_grabkonstr";"v_thes_grabkonstr";"None"
805;"Funktionen";"SELECT * FROM shkr.v_thes_grabhoehe";"v_thes_grabhoehe";"None"
806;"Funktionen";"SELECT * FROM shkr.v_thes_leichenbeh";"v_thes_leichenbeh";"None"
807;"Funktionen";"SELECT * FROM shkr.v_thes_phase";"v_thes_phase";"None"
808;"Funktionen";"SELECT * FROM shkr.v_thes_geschl";"v_thes_geschl";"None"
809;"Funktionen";"SELECT * FROM shkr.v_thes_alter";"v_thes_alter";"None"
810;"Funktionen";"SELECT * FROM shkr.v_thes_ritus";"v_thes_ritus";"None"
811;"Funktionen";"SELECT * FROM shkr.v_thes_lageh";"v_thes_lageh";"None"
812;"Funktionen";"SELECT * FROM shkr.v_thes_datkorr";"v_thes_datkorr";"None"
813;"Funktionen";"SELECT * FROM shkr.v_thes_export";"v_thes_export";"None"
814;"Funktionen";"SELECT * FROM shkr.v_thes_filter_b";"v_thes_filter_b";"None"
815;"Funktionen";"SELECT * FROM shkr.v_thes_filter_a";"v_thes_filter_a";"None"
816;"Funktionen";"SELECT * FROM shkr.v_shkr.thes_sdd";"v_shkr.thes_sdd";"None"
817;"Funktionen";"SELECT * FROM shkr.v_thes_funktionen";"v_thes_funktionen";"None"
818;"Funktionen";"SELECT * FROM shkr.v_thes_dattyp";"v_thes_dattyp";"None"
819;"Funktionen";"SELECT * FROM shkr.v_thes_natwissdattyp";"v_thes_natwissdattyp";"None"
820;"Funktionen";"SELECT * FROM shkr.v_thes_natwissdatguete";"v_thes_natwissdatguete";"None"
821;"Funktionen";"SELECT * FROM shkr.v_thes_merkmal";"v_thes_merkmal";"None"
822;"Funktionen";"SELECT * FROM shkr.v_thes_fundlage";"v_thes_fundlage";"None"
823;"Funktionen";"SELECT * FROM shkr.v_thes_dklassen";"v_thes_dklassen";"None"
824;"Funktionen";"SELECT * FROM shkr.v_thes_komplexerhalt";"v_thes_komplexerhalt";"None"
825;"Funktionen";"SELECT * FROM shkr.v_loc06_aktuell_exp";"v_loc06_aktuell_exp";"None"
826;"Funktionen";"SELECT * FROM shkr.v_loc07_aktuell_exp";"v_loc07_aktuell_exp";"None"
827;"Funktionen";"SELECT * FROM shkr.v_loc08_alle_exp";"v_loc08_alle_exp";"None"
828;"Funktionen";"SELECT * FROM shkr.v_loc08_aktuell_exp";"v_loc08_aktuell_exp";"None"
829;"Funktionen";"SELECT * FROM shkr.v_loc09_alle_exp";"v_loc09_alle_exp";"None"
830;"Funktionen";"SELECT * FROM shkr.v_loc09_aktuell_exp";"v_loc09_aktuell_exp";"None"
831;"Funktionen";"SELECT * FROM shkr.v_fs_info_aktuell";"v_fs_info_aktuell";"None"
832;"Funktionen";"SELECT * FROM shkr.v_denkmal_aktuell_exp";"v_denkmal_aktuell_exp";"None"
833;"Funktionen";"SELECT * FROM shkr.v_naturraum_aktuell";"v_naturraum_aktuell";"None"
834;"Funktionen";"SELECT * FROM shkr.v_siedl_einheit_alle";"v_siedl_einheit_alle";"None"
835;"Funktionen";"SELECT * FROM shkr.v_siedl_einheit_aktuell";"v_siedl_einheit_aktuell";"None"
836;"Funktionen";"SELECT * FROM shkr.v_huegel_alle";"v_huegel_alle";"None"
837;"Funktionen";"SELECT * FROM shkr.v_huegel_aktuell";"v_huegel_aktuell";"None"
838;"Funktionen";"SELECT * FROM shkr.v_siedl_element_alle";"v_siedl_element_alle";"None"
839;"Funktionen";"SELECT * FROM shkr.v_siedl_element_aktuell";"v_siedl_element_aktuell";"None"
840;"Funktionen";"SELECT * FROM shkr.v_grab_aktuell";"v_grab_aktuell";"None"
841;"Funktionen";"SELECT * FROM shkr.v_thes_d";"v_thes_d";"None"
842;"Funktionen";"SELECT * FROM shkr.v_shkr.thes_s";"v_shkr.thes_s";"None"
843;"Funktionen";"SELECT * FROM shkr.v_typ_gruppe";"v_typ_gruppe";"None"
844;"Funktionen";"SELECT * FROM shkr.v_zutun";"v_zutun";"None"
845;"Funktionen";"SELECT * FROM shkr.v_merkmale";"v_merkmale";"None"
846;"Funktionen";"SELECT * FROM shkr.v_fundstellenzahl";"v_fundstellenzahl";"None"
847;"Funktionen";"SELECT * FROM shkr.v_fundstellenjekreis";"v_fundstellenjekreis";"None"
848;"Funktionen";"SELECT * FROM shkr.v_objektezahl";"v_objektezahl";"None"
849;"Funktionen";"SELECT * FROM shkr.v_objektejekreis";"v_objektejekreis";"None"
850;"Funktionen";"SELECT * FROM shkr.v_komplexezahl";"v_komplexezahl";"None"
851;"Funktionen";"SELECT * FROM shkr.v_schichtenzahl";"v_schichtenzahl";"None"
852;"Funktionen";"SELECT * FROM shkr.v_schichtenjekreis";"v_schichtenjekreis";"None"
853;"Funktionen";"SELECT * FROM shkr.v_fundzahl";"v_fundzahl";"None"
854;"Funktionen";"SELECT * FROM shkr.v_fundejekreis";"v_fundejekreis";"None"
855;"Funktionen";"SELECT * FROM shkr.v_fundejetyp";"v_fundejetyp";"None"
856;"Funktionen";"SELECT * FROM shkr.v_funde_tg";"v_funde_tg";"None"
857;"Funktionen";"0";"None";"None"
858;"Funktionen";"0";"None";"None"
859;"Funktionen";"0";"None";"None"
860;"Funktionen";"0";"None";"None"
861;"Funktionen";"0";"None";"None"
862;"Funktionen";"0";"None";"None"
863;"Funktionen";"0";"None";"None"
864;"Funktionen";"0";"None";"None"
865;"Funktionen";"0";"None";"None"
866;"Funktionen";"0";"None";"None"
867;"Funktionen";"0";"None";"None"
868;"Funktionen";"0";"None";"None"
869;"Funktionen";"0";"None";"None"
870;"Funktionen";"0";"None";"None"
871;"Funktionen";"0";"None";"None"
872;"Funktionen";"0";"None";"None"
873;"Funktionen";"0";"None";"None"
874;"Funktionen";"0";"None";"None"
875;"Funktionen";"0";"None";"None"
876;"Funktionen";"0";"None";"None"
877;"Funktionen";"0";"None";"None"
878;"Funktionen";"0";"None";"None"
879;"Funktionen";"0";"None";"None"
880;"Funktionen";"0";"None";"None"
881;"Funktionen";"0";"None";"None"
882;"Funktionen";"0";"None";"None"
883;"Funktionen";"0";"None";"None"
884;"Funktionen";"0";"None";"None"
885;"Funktionen";"0";"None";"None"
886;"Funktionen";"0";"None";"None"
887;"Funktionen";"0";"None";"None"
888;"Funktionen";"0";"None";"None"
889;"Funktionen";"0";"None";"None"
890;"Funktionen";"0";"None";"None"
891;"Funktionen";"0";"None";"None"
892;"Funktionen";"0";"None";"None"
893;"Funktionen";"0";"None";"None"
894;"Funktionen";"0";"None";"None"
895;"Funktionen";"0";"None";"None"
896;"Funktionen";"0";"None";"None"
897;"Funktionen";"0";"None";"None"
898;"Funktionen";"0";"None";"None"
899;"Funktionen";"0";"None";"None"
900;"Datierungstyp";"typ_a";"typ_a";"None"
901;"Datierungstyp";"typ_b";"typ_b";"None"
902;"Datierungstyp";"typ_c";"typ_c";"None"
903;"Datierungstyp";"typ_d";"typ_d";"None"
904;"Datierungstyp";"typ_e";"typ_e";"None"
905;"Datierungstyp";"typ_f";"typ_f";"None"
906;"Datierungstyp";"typ_g";"typ_g";"None"
907;"Datierungstyp";"0";"None";"None"
908;"Datierungstyp";"0";"None";"None"
909;"Datierungstyp";"0";"None";"None"
910;"Datierungstyp";"0";"None";"None"
911;"Datierungstyp";"0";"None";"None"
912;"Datierungstyp";"0";"None";"None"
913;"Datierungstyp";"0";"None";"None"
914;"Datierungstyp";"0";"None";"None"
915;"Datierungstyp";"0";"None";"None"
916;"Datierungstyp";"0";"None";"None"
917;"Datierungstyp";"0";"None";"None"
918;"Datierungstyp";"0";"None";"None"
919;"Datierungstyp";"0";"None";"None"
920;"NatwissDatTyp";"c";"Radiokarbon";"None"
921;"NatwissDatTyp";"ca";"AMS";"None"
922;"NatwissDatTyp";"cc";"konventionell";"None"
923;"NatwissDatTyp";"tl";"Thermolumineszens";"None"
924;"NatwissDatTyp";"ol";"optische";"None"
925;"NatwissDatTyp";"0";"None";"None"
926;"NatwissDatTyp";"0";"None";"None"
927;"NatwissDatTyp";"0";"None";"None"
928;"NatwissDatTyp";"0";"None";"None"
929;"NatwissDatTyp";"0";"None";"None"
930;"NatwissDatTyp";"0";"None";"None"
931;"NatwissDatTyp";"0";"None";"None"
932;"NatwissDatTyp";"0";"None";"None"
933;"NatwissDatTyp";"0";"None";"None"
934;"NatwissDatTyp";"0";"None";"None"
935;"NatwissDatTyp";"0";"None";"None"
936;"NatwissDatTyp";"0";"None";"None"
937;"NatwissDatTyp";"0";"None";"None"
938;"NatwissDatTyp";"0";"None";"None"
939;"NatwissDatTyp";"0";"None";"None"
940;"NatwissDatGuete";"0";"None";"None"
941;"NatwissDatGuete";"0";"None";"None"
942;"NatwissDatGuete";"0";"None";"None"
943;"NatwissDatGuete";"0";"None";"None"
944;"NatwissDatGuete";"0";"None";"None"
945;"NatwissDatGuete";"0";"None";"None"
946;"NatwissDatGuete";"0";"None";"None"
947;"NatwissDatGuete";"0";"None";"None"
948;"NatwissDatGuete";"0";"None";"None"
949;"NatwissDatGuete";"0";"None";"None"
950;"NatwissDatGuete";"0";"None";"None"
951;"NatwissDatGuete";"0";"None";"None"
952;"NatwissDatGuete";"0";"None";"None"
953;"NatwissDatGuete";"0";"None";"None"
954;"NatwissDatGuete";"0";"None";"None"
955;"NatwissDatGuete";"0";"None";"None"
956;"NatwissDatGuete";"0";"None";"None"
957;"NatwissDatGuete";"0";"None";"None"
958;"NatwissDatGuete";"0";"None";"None"
959;"NatwissDatGuete";"0";"None";"None"
960;"Merkmal";"dm";"Durchmesser";"zahl"
961;"Merkmal";"h";"Höhe";"zahl"
962;"Merkmal";"b";"Breite";"zahl"
963;"Merkmal";"d";"Dicke";"zahl"
964;"Merkmal";"l";"Länge";"zahl"
965;"Merkmal";"0";"None";"None"
966;"Merkmal";"0";"None";"None"
967;"Merkmal";"0";"None";"None"
968;"Merkmal";"0";"None";"None"
969;"Merkmal";"0";"None";"None"
970;"Merkmal";"0";"None";"None"
971;"Merkmal";"0";"None";"None"
972;"Merkmal";"0";"None";"None"
973;"Merkmal";"0";"None";"None"
974;"Merkmal";"0";"None";"None"
204;"Komplexqualität";"u";"unbekannt";"None"
976;"Merkmal";"0";"None";"None"
977;"Merkmal";"0";"None";"None"
978;"Merkmal";"0";"None";"None"
979;"Merkmal";"0";"None";"None"
980;"Merkmal";"0";"None";"None"
981;"Merkmal";"0";"None";"None"
982;"Merkmal";"0";"None";"None"
983;"Merkmal";"0";"None";"None"
984;"Merkmal";"0";"None";"None"
985;"Merkmal";"0";"None";"None"
986;"Merkmal";"0";"None";"None"
987;"Merkmal";"0";"None";"None"
988;"Merkmal";"0";"None";"None"
989;"Merkmal";"0";"None";"None"
990;"Merkmal";"0";"None";"None"
991;"Merkmal";"0";"None";"None"
992;"Merkmal";"0";"None";"None"
993;"Merkmal";"0";"None";"None"
994;"Merkmal";"0";"None";"None"
995;"Merkmal";"0";"None";"None"
996;"Merkmal";"0";"None";"None"
997;"Merkmal";"0";"None";"None"
998;"Merkmal";"0";"None";"None"
999;"Merkmal";"0";"None";"None"
1000;"d_Klassen";"A";"A-Material";"None"
1001;"d_Klassen";"B";"B-Form";"None"
1002;"d_Klassen";"c";"C-Ziertechnik";"None"
1003;"d_Klassen";"D";"D-Ziermotive";"None"
1004;"d_Klassen";"E";"E-spezielle Typen";"None"
1005;"d_Klassen";"F";"F-Merkmale";"None"
1006;"d_Klassen";"G";"None";"None"
1007;"d_Klassen";"0";"None";"None"
1008;"d_Klassen";"0";"None";"None"
1009;"d_Klassen";"0";"None";"None"
1010;"d_Klassen";"0";"None";"None"
1011;"d_Klassen";"0";"None";"None"
1012;"d_Klassen";"0";"None";"None"
1013;"d_Klassen";"0";"None";"None"
1014;"d_Klassen";"0";"None";"None"
1015;"d_Klassen";"0";"None";"None"
1016;"d_Klassen";"0";"None";"None"
1017;"d_Klassen";"0";"None";"None"
1018;"d_Klassen";"0";"None";"None"
1019;"d_Klassen";"0";"None";"None"
1020;"Fundlagetyp";"unbekannt";"unbekannt";"None"
1021;"Fundlagetyp";"0";"None";"None"
1022;"Fundlagetyp";"0";"None";"None"
1023;"Fundlagetyp";"0";"None";"None"
1024;"Fundlagetyp";"0";"None";"None"
1025;"Fundlagetyp";"0";"None";"None"
1026;"Fundlagetyp";"0";"None";"None"
1027;"Fundlagetyp";"0";"None";"None"
1028;"Fundlagetyp";"0";"None";"None"
1029;"Fundlagetyp";"0";"None";"None"
1030;"Fundlagetyp";"0";"None";"None"
1031;"Fundlagetyp";"0";"None";"None"
1032;"Fundlagetyp";"0";"None";"None"
1033;"Fundlagetyp";"0";"None";"None"
1034;"Fundlagetyp";"0";"None";"None"
1035;"Fundlagetyp";"0";"None";"None"
1036;"Fundlagetyp";"0";"None";"None"
1037;"Fundlagetyp";"0";"None";"None"
1038;"Fundlagetyp";"0";"None";"None"
1039;"Fundlagetyp";"0";"None";"None"
1040;"Komplexerhaltung";"unbekannt";"unbekannt";"None"
1041;"Komplexerhaltung";"intakt";"intakt";"None"
1042;"Komplexerhaltung";"gestört";"gestört";"None"
1043;"Komplexerhaltung";"beraubt";"beraubt";"None"
1044;"Komplexerhaltung";"0";"None";"None"
1045;"Komplexerhaltung";"0";"None";"None"
1046;"Komplexerhaltung";"0";"None";"None"
1047;"Komplexerhaltung";"0";"None";"None"
1048;"Komplexerhaltung";"0";"None";"None"
1049;"Komplexerhaltung";"0";"None";"None"
1050;"Komplexerhaltung";"0";"None";"None"
1051;"Komplexerhaltung";"0";"None";"None"
1052;"Komplexerhaltung";"0";"None";"None"
1053;"Komplexerhaltung";"0";"None";"None"
1054;"Komplexerhaltung";"0";"None";"None"
1055;"Komplexerhaltung";"0";"None";"None"
1056;"Komplexerhaltung";"0";"None";"None"
1057;"Komplexerhaltung";"0";"None";"None"
1058;"Komplexerhaltung";"0";"None";"None"
1059;"Komplexerhaltung";"0";"None";"None"
420;"Grabhoehenlage";"ebenerdig";"ebenerdig";"None"
421;"Grabhoehenlage";"unterirdisch";"unterirdisch";"None"
422;"Grabhoehenlage";"Podium";"Podium";"None"
423;"Grabhoehenlage";"sonstiges";"sonstiges";"None"
424;"Grabhoehenlage";"unbekannt";"unbekannt";"None"
425;"Grabhoehenlage";"0";"None";"None"
426;"Grabhoehenlage";"0";"None";"None"
427;"Grabhoehenlage";"0";"None";"None"
428;"Grabhoehenlage";"0";"None";"None"
429;"Grabhoehenlage";"0";"None";"None"
430;"Grabhoehenlage";"0";"None";"None"
431;"Grabhoehenlage";"0";"None";"None"
432;"Grabhoehenlage";"0";"None";"None"
433;"Grabhoehenlage";"0";"None";"None"
434;"Grabhoehenlage";"0";"None";"None"
435;"Grabhoehenlage";"0";"None";"None"
436;"Grabhoehenlage";"0";"None";"None"
437;"Grabhoehenlage";"0";"None";"None"
438;"Grabhoehenlage";"0";"None";"None"
439;"Grabhoehenlage";"0";"None";"None"
311;"Auffindungsursache";"as";"Aufschluss: sonstiges";"None"
310;"Auffindungsursache";"ad";"Aufschluss: Baumwurf";"None"
312;"Auffindungsursache";"ag";"Aufschluss: Grabung";"None"
314;"Auffindungsursache";"u";"unbekannt";"None"
313;"Auffindungsursache";"S";"sonstiges";"None"
315;"Auffindungsursache";"0";"None";"None"
317;"Auffindungsursache";"0";"None";"None"
319;"Auffindungsursache";"0";"None";"None"
320;"Auffindungsursache";"0";"None";"None"
322;"Auffindungsursache";"0";"None";"None"
324;"Auffindungsursache";"0";"None";"None"
326;"Auffindungsursache";"0";"None";"None"
325;"Auffindungsursache";"0";"None";"None"
323;"Auffindungsursache";"0";"None";"None"
321;"Auffindungsursache";"0";"None";"None"
318;"Auffindungsursache";"0";"None";"None"
327;"Auffindungsursache";"0";"None";"None"
329;"Auffindungsursache";"0";"None";"None"
328;"Auffindungsursache";"0";"None";"None"
330;"Auffindungsursache";"0";"None";"None"
332;"Auffindungsursache";"0";"None";"None"
331;"Auffindungsursache";"0";"None";"None"
333;"Auffindungsursache";"0";"None";"None"
335;"Auffindungsursache";"0";"None";"None"
337;"Auffindungsursache";"0";"None";"None"
336;"Auffindungsursache";"0";"None";"None"
334;"Auffindungsursache";"0";"None";"None"
338;"Auffindungsursache";"0";"None";"None"
339;"Auffindungsursache";"0";"None";"None"
440;"Leichenbehaeltnis";"Holzkammer";"Holzkammer";"None"
441;"Leichenbehaeltnis";"Holzkiste";"Holzkiste";"None"
442;"Leichenbehaeltnis";"Sarg";"Sarg";"None"
443;"Leichenbehaeltnis";"Leichenbrett";"Leichenbrett";"None"
444;"Leichenbehaeltnis";"Urne";"Urne";"None"
445;"Leichenbehaeltnis";"org";"Org. Behälter";"None"
446;"Leichenbehaeltnis";"Sonstiges";"Sonstiges";"None"
447;"Leichenbehaeltnis";"kein";"kein massives Leichenbehältnis";"None"
448;"Leichenbehaeltnis";"unbekannt";"unbekannt";"None"
449;"Leichenbehaeltnis";"0";"None";"None"
450;"Leichenbehaeltnis";"0";"None";"None"
451;"Leichenbehaeltnis";"0";"None";"None"
452;"Leichenbehaeltnis";"0";"None";"None"
453;"Leichenbehaeltnis";"0";"None";"None"
454;"Leichenbehaeltnis";"0";"None";"None"
455;"Leichenbehaeltnis";"0";"None";"None"
456;"Leichenbehaeltnis";"0";"None";"None"
457;"Leichenbehaeltnis";"0";"None";"None"
458;"Leichenbehaeltnis";"0";"None";"None"
459;"Leichenbehaeltnis";"0";"None";"None"
460;"Leichenbehaeltnis";"0";"None";"None"
461;"Leichenbehaeltnis";"0";"None";"None"
462;"Leichenbehaeltnis
Leichenbehaeltnis";"0";"None";"None"
463;"Leichenbehaeltnis";"0";"None";"None"
464;"Leichenbehaeltnis";"0";"None";"None"
465;"Leichenbehaeltnis";"0";"None";"None"
466;"Leichenbehaeltnis";"0";"None";"None"
467;"Leichenbehaeltnis";"0";"None";"None"
468;"Leichenbehaeltnis";"0";"None";"None"
469;"Leichenbehaeltnis";"0";"None";"None"
487;"Lage im Huegel";"zentral";"zentral";"None"
488;"Lage im Huegel";"radial";"radial";"None"
489;"Lage im Huegel";"tangential";"tangential";"None"
490;"Lage im Huegel";"unbekannt";"unbekannt";"None"
492;"Lage im Huegel";"0";"None";"None"
493;"Lage im Huegel";"0";"None";"None"
494;"Lage im Huegel";"0";"None";"None"
495;"Lage im Huegel";"0";"None";"None"
496;"Lage im Huegel";"0";"None";"None"
497;"Lage im Huegel";"0";"None";"None"
498;"Lage im Huegel";"0";"None";"None"
499;"Lage im Huegel";"0";"None";"None"
387;"Huegelform
";"0";"None";"None"
386;"Huegelform
";"0";"None";"None"
389;"Huegelform
";"0";"None";"None"
388;"Huegelform
";"0";"None";"None"
390;"Huegelform
";"0";"None";"None"
392;"Huegelform
";"0";"None";"None"
391;"Huegelform
";"0";"None";"None"
393;"Huegelform
";"0";"None";"None"
395;"Huegelform
";"0";"None";"None"
397;"Huegelform
";"0";"None";"None"
399;"Huegelform
";"0";"None";"None"
398;"Huegelform
";"0";"None";"None"
396;"Huegelform
";"0";"None";"None"
394;"Huegelform
";"0";"None";"None"
341;"Lokalisationsqualitaet";"etwa";"etwa";"None"
342;"Lokalisationsqualitaet";"Flur";"Flur";"None"
343;"Lokalisationsqualitaet";"Ort";"Ort";"None"
344;"Lokalisationsqualitaet";"Kreis";"Kreis";"None"
345;"Lokalisationsqualitaet";"unbekannt";"unbekannt";"None"
346;"Lokalisationsqualitaet";"0";"None";"None"
347;"Lokalisationsqualitaet";"0";"None";"None"
348;"Lokalisationsqualitaet";"0";"None";"None"
349;"Lokalisationsqualitaet";"0";"None";"None"
350;"Lokalisationsqualitaet";"0";"None";"None"
351;"Lokalisationsqualitaet";"0";"None";"None"
353;"Lokalisationsqualitaet";"0";"None";"None"
354;"Lokalisationsqualitaet";"0";"None";"None"
355;"Lokalisationsqualitaet";"0";"None";"None"
356;"Lokalisationsqualitaet";"0";"None";"None"
357;"Lokalisationsqualitaet";"0";"None";"None"
358;"Lokalisationsqualitaet";"0";"None";"None"
359;"Lokalisationsqualitaet";"0";"None";"None"
352;"Lokalisationsqualitaet";"0";"None";"None"
383;"Huegelform";"Damm";"Damm";"None"
384;"Huegelform";"unbekannt";"unbekannt";"None"
385;"Huegelform";"0";"None";"None"
381;"Huegelform";"Ovalhuegel";"Ovalhuegel";"None"
